Grade,Min. Threshold (%)
A+,0.9600
A,0.9200
A-,0.8800
B+,0.8400
B,0.8000
B-,0.76000
C+,0.7200
C,0.6800
C-,0.64000
D,0.6000
F,0
